<application>
  <component name="com.intellij.ide.ui.customization.CustomActionsSchema">
    <group value="Compare.SameVersion" is_action="true" action_type="1" position="1">
      <path value="root" />
      <path value="Main Toolbar" />
      <path value="Left" />
      <path value="VCS Group" />
    </group>
    <group value="OpenFile" is_action="true" action_type="1" position="1">
      <path value="root" />
      <path value="Main Toolbar" />
      <path value="Left" />
      <path value="General Actions" />
    </group>
  </component>
</application>