<application>
  <component name="BlockTerminalUsage">
    <option name="blockTerminalUsedLastVersion" value="242.23726.100" />
    <option name="feedbackNotificationShown" value="true" />
    <shellToExecutedCommandsNumber>
      <entry key="powershell" value="777" />
    </shellToExecutedCommandsNumber>
  </component>
  <component name="TerminalOptionsProvider">
    <option name="myCopyOnSelection" value="true" />
    <option name="myShellPath" value="C:\Program Files\PowerShell\7\pwsh.exe" />
    <option name="mySoundBell" value="false" />
  </component>
</application>