<application>
  <component name="Trusted.Paths">
    <option name="TRUSTED_PROJECT_PATHS">
      <map>
        <entry key="C:\Users\Stas\Downloads\Telegram Desktop\Материалы для ПЗ-2-2024\Clock2" value="true" />
        <entry key="C:\Users\Stas\Downloads\Telegram Desktop\Материалы для ПЗ-2-2024\Stopwatch" value="true" />
        <entry key="C:\Users\Stas\RiderProjects\ConsoleApp1" value="true" />
        <entry key="C:\Users\Stas\RiderProjects\ConsoleApp1\.idea\.idea.ConsoleApp1" value="true" />
        <entry key="C:\Users\Stas\RiderProjects\javascript-amazon-project" value="true" />
        <entry key="C:\Users\Stas\RiderProjects\sb-bsu-perepodgotovka-pois" value="true" />
        <entry key="C:\Users\Stas\RiderProjects\sb-bsu-perepodgotovka-pois\tkp\pz-2" value="true" />
        <entry key="C:\Users\Stas\RiderProjects\sb-bsu-perepodgotovka-pois\tkp\pz-2\.idea\.idea.pz-2" value="true" />
      </map>
    </option>
  </component>
</application>