<application>
  <component name="DimensionService">
    <location key="find.popup.0.0.3440.1440" x="443" y="115" />
    <location key="find.popup.0.0.1920.1080" x="470" y="184" />
    <location key="find.popup.1920.0.1920.1080" x="2592" y="107" />
    <size key="GridCell.Tab.0.left.0.0.3440.1440" width="1291" height="232" />
    <size key="GridCell.Tab.0.center.0.0.3440.1440" width="1291" height="232" />
    <size key="GridCell.Tab.0.right.0.0.3440.1440" width="1291" height="232" />
    <size key="GridCell.Tab.0.bottom.0.0.3440.1440" width="1291" height="232" />
    <size key="GridCell.Tab.1.left.0.0.3440.1440" width="1291" height="232" />
    <size key="GridCell.Tab.1.center.0.0.3440.1440" width="1291" height="232" />
    <size key="GridCell.Tab.1.right.0.0.3440.1440" width="1291" height="232" />
    <size key="GridCell.Tab.1.bottom.0.0.3440.1440" width="1291" height="232" />
    <size key="GridCell.Tab.2.left.0.0.3440.1440" width="1291" height="232" />
    <size key="GridCell.Tab.2.center.0.0.3440.1440" width="1291" height="232" />
    <size key="GridCell.Tab.2.right.0.0.3440.1440" width="1291" height="232" />
    <size key="GridCell.Tab.2.bottom.0.0.3440.1440" width="1291" height="232" />
    <size key="GridCell.Tab.3.left.0.0.3440.1440" width="1291" height="232" />
    <size key="GridCell.Tab.3.center.0.0.3440.1440" width="1291" height="232" />
    <size key="GridCell.Tab.3.right.0.0.3440.1440" width="1291" height="232" />
    <size key="GridCell.Tab.3.bottom.0.0.3440.1440" width="1291" height="232" />
    <size key="GridCell.Tab.4.left.0.0.3440.1440" width="1156" height="428" />
    <size key="GridCell.Tab.4.center.0.0.3440.1440" width="1156" height="428" />
    <size key="GridCell.Tab.4.right.0.0.3440.1440" width="1156" height="428" />
    <size key="GridCell.Tab.4.bottom.0.0.3440.1440" width="1156" height="428" />
    <size key="GridCell.Tab.5.left.0.0.3440.1440" width="1156" height="428" />
    <size key="GridCell.Tab.5.center.0.0.3440.1440" width="1156" height="428" />
    <size key="GridCell.Tab.5.right.0.0.3440.1440" width="1156" height="428" />
    <size key="GridCell.Tab.5.bottom.0.0.3440.1440" width="1156" height="428" />
    <size key="GridCell.Tab.6.left.0.0.3440.1440" width="1156" height="428" />
    <size key="GridCell.Tab.6.center.0.0.3440.1440" width="1156" height="428" />
    <size key="GridCell.Tab.6.right.0.0.3440.1440" width="1156" height="428" />
    <size key="GridCell.Tab.6.bottom.0.0.3440.1440" width="1156" height="428" />
    <size key="find.popup.0.0.3440.1440" width="714" height="792" />
    <size key="GridCell.Tab.0.left.0.0.1920.1080" width="1198" height="254" />
    <size key="GridCell.Tab.0.center.0.0.1920.1080" width="1198" height="254" />
    <size key="GridCell.Tab.0.right.0.0.1920.1080" width="1198" height="254" />
    <size key="GridCell.Tab.0.bottom.0.0.1920.1080" width="1198" height="254" />
    <size key="GridCell.Tab.1.left.0.0.1920.1080" width="1920" height="243" />
    <size key="GridCell.Tab.1.center.0.0.1920.1080" width="1920" height="243" />
    <size key="GridCell.Tab.1.right.0.0.1920.1080" width="1920" height="243" />
    <size key="GridCell.Tab.1.bottom.0.0.1920.1080" width="1920" height="243" />
    <size key="GridCell.Tab.2.left.0.0.1920.1080" width="1920" height="243" />
    <size key="GridCell.Tab.2.center.0.0.1920.1080" width="1920" height="243" />
    <size key="GridCell.Tab.2.right.0.0.1920.1080" width="1920" height="243" />
    <size key="GridCell.Tab.2.bottom.0.0.1920.1080" width="1920" height="243" />
    <size key="GridCell.Tab.3.left.0.0.1920.1080" width="1920" height="243" />
    <size key="GridCell.Tab.3.center.0.0.1920.1080" width="1920" height="243" />
    <size key="GridCell.Tab.3.right.0.0.1920.1080" width="1920" height="243" />
    <size key="GridCell.Tab.3.bottom.0.0.1920.1080" width="1920" height="243" />
    <size key="GridCell.Tab.4.left.0.0.1920.1080" width="1920" height="243" />
    <size key="GridCell.Tab.4.center.0.0.1920.1080" width="1920" height="243" />
    <size key="GridCell.Tab.4.right.0.0.1920.1080" width="1920" height="243" />
    <size key="GridCell.Tab.4.bottom.0.0.1920.1080" width="1920" height="243" />
    <size key="GridCell.Tab.5.left.0.0.1920.1080" width="1920" height="243" />
    <size key="GridCell.Tab.5.center.0.0.1920.1080" width="1920" height="243" />
    <size key="GridCell.Tab.5.right.0.0.1920.1080" width="1920" height="243" />
    <size key="GridCell.Tab.5.bottom.0.0.1920.1080" width="1920" height="243" />
    <size key="GridCell.Tab.0.left.1920.0.1920.1080" width="1920" height="269" />
    <size key="GridCell.Tab.0.center.1920.0.1920.1080" width="1920" height="269" />
    <size key="GridCell.Tab.0.right.1920.0.1920.1080" width="1920" height="269" />
    <size key="GridCell.Tab.0.bottom.1920.0.1920.1080" width="1920" height="269" />
    <size key="GridCell.Tab.1.left.1920.0.1920.1080" width="1920" height="269" />
    <size key="GridCell.Tab.1.center.1920.0.1920.1080" width="1920" height="269" />
    <size key="GridCell.Tab.1.right.1920.0.1920.1080" width="1920" height="269" />
    <size key="GridCell.Tab.1.bottom.1920.0.1920.1080" width="1920" height="269" />
    <size key="GridCell.Tab.2.left.1920.0.1920.1080" width="1920" height="269" />
    <size key="GridCell.Tab.2.center.1920.0.1920.1080" width="1920" height="269" />
    <size key="GridCell.Tab.2.right.1920.0.1920.1080" width="1920" height="269" />
    <size key="GridCell.Tab.2.bottom.1920.0.1920.1080" width="1920" height="269" />
    <size key="GridCell.Tab.3.left.1920.0.1920.1080" width="1920" height="269" />
    <size key="GridCell.Tab.3.center.1920.0.1920.1080" width="1920" height="269" />
    <size key="GridCell.Tab.3.right.1920.0.1920.1080" width="1920" height="269" />
    <size key="GridCell.Tab.3.bottom.1920.0.1920.1080" width="1920" height="269" />
    <size key="GridCell.Tab.4.left.1920.0.1920.1080" width="1920" height="269" />
    <size key="GridCell.Tab.4.center.1920.0.1920.1080" width="1920" height="269" />
    <size key="GridCell.Tab.4.right.1920.0.1920.1080" width="1920" height="269" />
    <size key="GridCell.Tab.4.bottom.1920.0.1920.1080" width="1920" height="269" />
    <size key="GridCell.Tab.5.left.1920.0.1920.1080" width="1920" height="269" />
    <size key="GridCell.Tab.5.center.1920.0.1920.1080" width="1920" height="269" />
    <size key="GridCell.Tab.5.right.1920.0.1920.1080" width="1920" height="269" />
    <size key="GridCell.Tab.5.bottom.1920.0.1920.1080" width="1920" height="269" />
    <size key="find.popup.0.0.1920.1080" width="836" height="594" />
    <size key="find.popup.1920.0.1920.1080" width="862" height="792" />
  </component>
  <component name="WindowManager">
    <frame x="-8" y="-8" width="1936" height="1048" extendedState="6" />
  </component>
  <component name="WindowStateApplicationService">
    <state width="541" height="142" key="ShowUsagesActions.dimensionServiceKey" timestamp="1732274628314">
      <screen x="0" y="0" width="1920" height="1032" />
    </state>
    <state width="541" height="142" key="ShowUsagesActions.dimensionServiceKey/0.0.1920.1032/1920.0.1920.1032" timestamp="1732274628314" />
    <state width="644" height="117" key="ShowUsagesActions.dimensionServiceKey/0.0.3440.1400" timestamp="1726937036338" />
    <state x="960" y="452" width="800" height="650" key="WELCOME_SCREEN" timestamp="1732254156455">
      <screen x="0" y="0" width="1920" height="1032" />
    </state>
    <state x="960" y="452" width="800" height="650" key="WELCOME_SCREEN/0.0.1920.1032/1920.0.1920.1032" timestamp="1732254156455" />
    <state x="1720" y="575" width="800" height="650" key="WELCOME_SCREEN/0.0.3440.1400" timestamp="1726999773781" />
  </component>
</application>