<keymap version="1" name="IntelliJ copy" parent="$default">
  <action id="ActivateCommitToolWindow">
    <keyboard-shortcut first-keystroke="alt 0" />
    <keyboard-shortcut first-keystroke="ctrl semicolon" />
  </action>
  <action id="ActivateDatabaseToolWindow">
    <keyboard-shortcut first-keystroke="ctrl y" />
  </action>
  <action id="ActivateProjectToolWindow">
    <keyboard-shortcut first-keystroke="ctrl l" />
  </action>
  <action id="ActivateServicesToolWindow">
    <keyboard-shortcut first-keystroke="alt 8" />
    <keyboard-shortcut first-keystroke="alt 1" />
  </action>
  <action id="ActivateTerminalToolWindow">
    <keyboard-shortcut first-keystroke="alt f12" />
    <keyboard-shortcut first-keystroke="ctrl u" />
  </action>
  <action id="ActivateVersionControlToolWindow">
    <keyboard-shortcut first-keystroke="alt 9" />
    <keyboard-shortcut first-keystroke="shift ctrl alt semicolon" />
  </action>
  <action id="Arrangement.Rule.Group.Condition.Move.Up" />
  <action id="Arrangement.Rule.Match.Condition.Move.Up" />
  <action id="AutoIndentLines" />
  <action id="Back">
    <keyboard-shortcut first-keystroke="ctrl alt left" />
    <mouse-shortcut keystroke="button4" />
    <keyboard-shortcut first-keystroke="ctrl n" />
  </action>
  <action id="CWMHostShowPopupAction" />
  <action id="ChangesView.Rename">
    <keyboard-shortcut first-keystroke="f2" />
    <keyboard-shortcut first-keystroke="shift f6" />
    <keyboard-shortcut first-keystroke="ctrl r" />
  </action>
  <action id="ChangesView.ShelveSilently" />
  <action id="ChooseDebugConfiguration">
    <keyboard-shortcut first-keystroke="f5" />
  </action>
  <action id="CloseActiveTab">
    <keyboard-shortcut first-keystroke="shift ctrl f4" />
    <keyboard-shortcut first-keystroke="alt down" />
  </action>
  <action id="CollapseAll">
    <keyboard-shortcut first-keystroke="ctrl subtract" />
    <keyboard-shortcut first-keystroke="ctrl minus" />
    <keyboard-shortcut first-keystroke="shift ctrl l" />
  </action>
  <action id="Compare.SameVersion">
    <keyboard-shortcut first-keystroke="shift ctrl semicolon" />
  </action>
  <action id="Console.History.Browse" />
  <action id="Console.Jdbc.BrowseHistory" />
  <action id="Console.TableResult.DeleteRows" />
  <action id="Console.TableResult.Reload" />
  <action id="Console.TableResult.SetNull" />
  <action id="CopyElement" />
  <action id="Debug">
    <keyboard-shortcut first-keystroke="f5" />
  </action>
  <action id="Editor Cut">
    <keyboard-shortcut first-keystroke="shift delete" />
  </action>
  <action id="EditorCloneCaretAbove">
    <keyboard-shortcut first-keystroke="ctrl alt i" />
  </action>
  <action id="EditorCloneCaretBelow">
    <keyboard-shortcut first-keystroke="ctrl alt e" />
  </action>
  <action id="EditorDeleteLine" />
  <action id="EditorToggleCase" />
  <action id="ExternalSystem.ProjectRefreshAction" />
  <action id="FileChooser.NewFolder">
    <keyboard-shortcut first-keystroke="alt insert" />
    <keyboard-shortcut first-keystroke="ctrl t" />
  </action>
  <action id="FileChooser.TogglePathBar" />
  <action id="FindNext">
    <keyboard-shortcut first-keystroke="f3" />
  </action>
  <action id="FindPrevious">
    <keyboard-shortcut first-keystroke="shift f3" />
  </action>
  <action id="ForceOthersToFollowAction" />
  <action id="Forward">
    <keyboard-shortcut first-keystroke="ctrl alt right" />
    <mouse-shortcut keystroke="button5" />
    <keyboard-shortcut first-keystroke="ctrl o" />
  </action>
  <action id="Generate">
    <keyboard-shortcut first-keystroke="alt insert" />
    <keyboard-shortcut first-keystroke="ctrl t" />
  </action>
  <action id="Generate.Missing.Members.ES6" />
  <action id="Generate.Missing.Members.TypeScript" />
  <action id="Git.New.Branch.In.Log" />
  <action id="Git.Rename.Local.Branch">
    <keyboard-shortcut first-keystroke="f2" />
    <keyboard-shortcut first-keystroke="shift f6" />
    <keyboard-shortcut first-keystroke="ctrl r" />
  </action>
  <action id="Git.Reword.Commit">
    <keyboard-shortcut first-keystroke="f2" />
    <keyboard-shortcut first-keystroke="shift f6" />
    <keyboard-shortcut first-keystroke="ctrl r" />
  </action>
  <action id="GitLab.Merge.Request.List.Refresh" />
  <action id="GitLab.Merge.Request.Refresh" />
  <action id="GitNewBranchAction" />
  <action id="Github.PullRequest.Details.Reload" />
  <action id="GotoClass" />
  <action id="GotoDeclaration">
    <keyboard-shortcut first-keystroke="ctrl b" />
    <mouse-shortcut keystroke="control button1" />
    <mouse-shortcut keystroke="button2" />
    <keyboard-shortcut first-keystroke="ctrl e" />
  </action>
  <action id="GotoFile">
    <keyboard-shortcut first-keystroke="ctrl p" />
  </action>
  <action id="GotoImplementation">
    <keyboard-shortcut first-keystroke="ctrl alt b" />
    <mouse-shortcut keystroke="control alt button1" />
    <keyboard-shortcut first-keystroke="ctrl i" />
  </action>
  <action id="GotoSuperMethod" />
  <action id="Graph.RouteEdges" />
  <action id="ImplementMethods" />
  <action id="Inline" />
  <action id="Jdbc.OpenConsole.Any">
    <keyboard-shortcut first-keystroke="shift ctrl f10" />
    <keyboard-shortcut first-keystroke="shift ctrl y" />
  </action>
  <action id="Markdown.Styling.CreateLink" />
  <action id="MethodHierarchy" />
  <action id="MethodHierarchy.BaseOnThisMethod" />
  <action id="MoveElementLeft">
    <keyboard-shortcut first-keystroke="shift ctrl alt left" />
    <keyboard-shortcut first-keystroke="shift ctrl n" />
  </action>
  <action id="MoveElementRight">
    <keyboard-shortcut first-keystroke="shift ctrl alt right" />
    <keyboard-shortcut first-keystroke="shift ctrl o" />
  </action>
  <action id="MoveStatementDown">
    <keyboard-shortcut first-keystroke="shift ctrl down" />
    <keyboard-shortcut first-keystroke="shift ctrl e" />
  </action>
  <action id="MoveStatementUp">
    <keyboard-shortcut first-keystroke="shift ctrl up" />
    <keyboard-shortcut first-keystroke="shift ctrl i" />
  </action>
  <action id="NewElement">
    <keyboard-shortcut first-keystroke="alt insert" />
    <keyboard-shortcut first-keystroke="ctrl t" />
  </action>
  <action id="OptimizeImports" />
  <action id="OverrideMethods" />
  <action id="ParameterInfo">
    <keyboard-shortcut first-keystroke="shift ctrl space" />
  </action>
  <action id="ParameterInfo.GoToPreviousSignature">
    <keyboard-shortcut first-keystroke="shift ctrl p" />
    <keyboard-shortcut first-keystroke="shift ctrl alt space" />
  </action>
  <action id="PerforceDirect.Edit" />
  <action id="QuickImplementations" />
  <action id="RecentFiles" />
  <action id="RecentLocations" />
  <action id="ReformatCode">
    <keyboard-shortcut first-keystroke="shift alt f" />
  </action>
  <action id="Refresh" />
  <action id="RenameElement">
    <keyboard-shortcut first-keystroke="shift f6" />
    <keyboard-shortcut first-keystroke="ctrl r" />
  </action>
  <action id="Replace">
    <keyboard-shortcut first-keystroke="ctrl h" />
  </action>
  <action id="ReplaceInPath">
    <keyboard-shortcut first-keystroke="shift ctrl r" />
    <keyboard-shortcut first-keystroke="shift ctrl h" />
  </action>
  <action id="Rerun" />
  <action id="ResizeToolWindowLeft">
    <keyboard-shortcut first-keystroke="shift ctrl alt left" />
    <keyboard-shortcut first-keystroke="shift ctrl n" />
  </action>
  <action id="ResizeToolWindowRight">
    <keyboard-shortcut first-keystroke="shift ctrl alt right" />
    <keyboard-shortcut first-keystroke="shift ctrl o" />
  </action>
  <action id="Resume">
    <keyboard-shortcut first-keystroke="f5" />
  </action>
  <action id="RiderCoveringTestsPopupRunAllTestsAction" />
  <action id="RiderNuGetToggleInfoExpanderAction" />
  <action id="RiderOpenSolution" />
  <action id="RiderProjectDiagramApplyCurrentLayout" />
  <action id="RiderTypeHierarchy.BaseOnThisType" />
  <action id="RiderUnitTestAppendTestsAction" />
  <action id="RiderUnitTestCoverSolutionAction" />
  <action id="RiderUnitTestDebugContextAction" />
  <action id="RiderUnitTestDotMemoryUnitContextAction" />
  <action id="RiderUnitTestDotMemoryUnitSolutionAction" />
  <action id="RiderUnitTestNewSessionAction" />
  <action id="RiderUnitTestRepeatPreviousRunAction" />
  <action id="RiderUnitTestRunContextAction">
    <keyboard-shortcut first-keystroke="shift ctrl f10" />
  </action>
  <action id="RiderUnitTestRunContextTwAction">
    <keyboard-shortcut first-keystroke="shift enter" />
  </action>
  <action id="RiderUnitTestRunContextUntilFailAction" />
  <action id="RiderUnitTestRunCurrentSessionAction" />
  <action id="RiderUnitTestRunCurrentSessionTwAction" />
  <action id="RiderUnitTestRunSolutionAction" />
  <action id="RiderUnitTestRunSolutionTwAction" />
  <action id="RiderUnitTestSessionAbortAction" />
  <action id="RiderUnitTestSessionRerunFailedTestsAction" />
  <action id="Run">
    <keyboard-shortcut first-keystroke="ctrl f5" />
  </action>
  <action id="SelectInProjectView">
    <keyboard-shortcut first-keystroke="ctrl alt l" />
  </action>
  <action id="SelectNextOccurrence">
    <keyboard-shortcut first-keystroke="alt j" />
    <keyboard-shortcut first-keystroke="ctrl alt o" />
  </action>
  <action id="ShelveChanges.UnshelveWithDialog" />
  <action id="ShelvedChanges.Rename">
    <keyboard-shortcut first-keystroke="f2" />
    <keyboard-shortcut first-keystroke="shift f6" />
    <keyboard-shortcut first-keystroke="ctrl r" />
  </action>
  <action id="ShowContent" />
  <action id="SmartTypeCompletion" />
  <action id="StepInto">
    <keyboard-shortcut first-keystroke="f11" />
  </action>
  <action id="StepOver">
    <keyboard-shortcut first-keystroke="f10" />
  </action>
  <action id="Svn.RefreshWorkingCopies" />
  <action id="SwitchHeaderSource" />
  <action id="SwitcherIterateItems" />
  <action id="SwitcherRecentEditedChangedToggleCheckBox" />
  <action id="Terminal.ClearBuffer" />
  <action id="Terminal.CloseTab">
    <keyboard-shortcut first-keystroke="ctrl f4" />
    <keyboard-shortcut first-keystroke="alt down" />
  </action>
  <action id="Terminal.MoveToolWindowTabLeft">
    <keyboard-shortcut first-keystroke="alt left" />
  </action>
  <action id="Terminal.MoveToolWindowTabRight">
    <keyboard-shortcut first-keystroke="alt right" />
  </action>
  <action id="Terminal.NewTab">
    <keyboard-shortcut first-keystroke="shift ctrl t" />
    <keyboard-shortcut first-keystroke="alt up" />
  </action>
  <action id="Terminal.OpenInTerminal">
    <keyboard-shortcut first-keystroke="shift ctrl u" />
  </action>
  <action id="Terminal.SearchInCommandHistory" />
  <action id="ToggleBookmark" />
  <action id="ToggleFindInSelection" />
  <action id="TurnOffF10WinShortcut" />
  <action id="TypeHierarchy" />
  <action id="TypeHierarchyBase.BaseOnThisType" />
  <action id="UnselectPreviousOccurrence">
    <keyboard-shortcut first-keystroke="shift alt j" />
    <keyboard-shortcut first-keystroke="ctrl alt n" />
  </action>
  <action id="UsageFiltering.Imports" />
  <action id="UsageFiltering.ReadAccess" />
  <action id="UsageGrouping.FlattenModules" />
  <action id="Vcs.Log.FocusTextFilter" />
  <action id="Vcs.Log.Refresh" />
  <action id="Vcs.RefreshFileHistory" />
  <action id="Vcs.ShowTabbedFileHistory">
    <keyboard-shortcut first-keystroke="ctrl alt semicolon" />
  </action>
  <action id="Vcs.UpdateProject" />
  <action id="org.intellij.plugins.markdown.ui.actions.styling.InsertImageAction" />
  <action id="org.intellij.plugins.markdown.ui.actions.styling.ToggleItalicAction" />
</keymap>