<keymap version="1" name="RIDER" parent="Visual Studio 2022">
  <action id="$Redo">
    <keyboard-shortcut first-keystroke="shift ctrl z" />
    <keyboard-shortcut first-keystroke="shift alt back_space" />
  </action>
  <action id="ActivateUnitTestsToolWindow">
    <keyboard-shortcut first-keystroke="alt 8" />
    <keyboard-shortcut first-keystroke="shift alt 8" />
  </action>
  <action id="Arrangement.Alias.Rule.Add">
    <keyboard-shortcut first-keystroke="alt insert" />
  </action>
  <action id="Arrangement.Rule.Add">
    <keyboard-shortcut first-keystroke="alt insert" />
  </action>
  <action id="Back">
    <keyboard-shortcut first-keystroke="ctrl minus" />
    <keyboard-shortcut first-keystroke="ctrl subtract" />
    <mouse-shortcut keystroke="button4" />
    <keyboard-shortcut first-keystroke="ctrl n" />
  </action>
  <action id="BookmarksView.Create">
    <keyboard-shortcut first-keystroke="alt insert" />
  </action>
  <action id="CodeCleanup" />
  <action id="EditorToggleUseSoftWraps" />
  <action id="FileChooser.NewFolder">
    <keyboard-shortcut first-keystroke="alt insert" />
  </action>
  <action id="Forward">
    <keyboard-shortcut first-keystroke="shift ctrl minus" />
    <keyboard-shortcut first-keystroke="shift ctrl subtract" />
    <mouse-shortcut keystroke="button5" />
    <keyboard-shortcut first-keystroke="ctrl o" />
  </action>
  <action id="GotoClass">
    <keyboard-shortcut first-keystroke="ctrl t" />
  </action>
  <action id="GotoDeclaration">
    <keyboard-shortcut first-keystroke="f12" />
    <mouse-shortcut keystroke="control button1" />
    <mouse-shortcut keystroke="button2" />
    <keyboard-shortcut first-keystroke="ctrl e" />
  </action>
  <action id="IncrementalSearch" />
  <action id="InsertLiveTemplate">
    <keyboard-shortcut first-keystroke="ctrl k" second-keystroke="x" />
    <keyboard-shortcut first-keystroke="ctrl k" second-keystroke="ctrl x" />
  </action>
  <action id="NewElement">
    <keyboard-shortcut first-keystroke="alt insert" />
  </action>
  <action id="OpenFile" />
  <action id="ReSharperGotoImplementation">
    <keyboard-shortcut first-keystroke="ctrl f12" />
    <keyboard-shortcut first-keystroke="ctrl i" />
  </action>
  <action id="ReSharperGotoNextErrorInSolution">
    <keyboard-shortcut first-keystroke="shift alt page_down" />
    <keyboard-shortcut first-keystroke="shift ctrl f12" />
    <keyboard-shortcut first-keystroke="ctrl y" />
  </action>
  <action id="ReSharperGotoPrevErrorInSolution">
    <keyboard-shortcut first-keystroke="shift alt page_up" />
    <keyboard-shortcut first-keystroke="ctrl u" />
  </action>
  <action id="RiderNuGetToggleInfoExpanderAction" />
  <action id="RiderTypeHierarchy.BaseOnThisType" />
  <action id="RiderUnitTestAppendTestsAction" />
  <action id="RiderUnitTestDebugContextAction" />
  <action id="RiderUnitTestDotMemoryUnitContextAction" />
  <action id="RiderUnitTestDotMemoryUnitSolutionAction" />
  <action id="RiderUnitTestNewSessionAction" />
  <action id="RiderUnitTestRepeatPreviousRunAction">
    <keyboard-shortcut first-keystroke="ctrl r" second-keystroke="l" />
  </action>
  <action id="RiderUnitTestRunContextAction" />
  <action id="RiderUnitTestRunContextUntilFailAction" />
  <action id="RiderUnitTestRunCurrentSessionAction" />
  <action id="RiderUnitTestRunCurrentSessionTwAction" />
  <action id="RiderUnitTestRunSolutionAction">
    <keyboard-shortcut first-keystroke="ctrl r" second-keystroke="a" />
  </action>
  <action id="RiderUnitTestSessionAbortAction" />
  <action id="RiderUnitTestSessionRerunFailedTestsAction" />
  <action id="SearchEverywhere">
    <keyboard-shortcut first-keystroke="ctrl comma" />
  </action>
  <action id="SilentCodeCleanup" />
  <action id="SurroundWithLiveTemplate">
    <keyboard-shortcut first-keystroke="ctrl k" second-keystroke="s" />
    <keyboard-shortcut first-keystroke="ctrl k" second-keystroke="ctrl s" />
  </action>
  <action id="SwitcherIterateItems" />
  <action id="SwitcherRecentEditedChangedToggleCheckBox" />
  <action id="TypeHierarchy" />
  <action id="TypeHierarchyBase.BaseOnThisType" />
  <action id="Uml.NewElement">
    <keyboard-shortcut first-keystroke="alt insert" />
  </action>
  <action id="Unscramble" />
  <action id="UsageFiltering.Imports" />
  <action id="org.intellij.plugins.markdown.ui.actions.styling.InsertImageAction" />
  <action id="org.intellij.plugins.markdown.ui.actions.styling.ToggleItalicAction" />
</keymap>