<keymap version="1" name="VSCode copy" parent="VSCode">
  <action id="$Redo">
    <keyboard-shortcut first-keystroke="shift ctrl z" />
    <keyboard-shortcut first-keystroke="shift alt back_space" />
  </action>
  <action id="ActivateEndpointsToolWindow">
    <keyboard-shortcut first-keystroke="ctrl j" />
  </action>
  <action id="ActivateProjectToolWindow">
    <keyboard-shortcut first-keystroke="shift ctrl e" />
    <keyboard-shortcut first-keystroke="ctrl l" />
  </action>
  <action id="ActivateServicesToolWindow">
    <keyboard-shortcut first-keystroke="alt 8" />
    <keyboard-shortcut first-keystroke="alt 1" />
  </action>
  <action id="ActivateVersionControlToolWindow">
    <keyboard-shortcut first-keystroke="shift ctrl g" />
    <keyboard-shortcut first-keystroke="ctrl semicolon" />
  </action>
  <action id="AssemblyDiffAction" />
  <action id="AutoIndentLines" />
  <action id="Back">
    <keyboard-shortcut first-keystroke="alt left" />
    <keyboard-shortcut first-keystroke="ctrl n" />
  </action>
  <action id="ChooseRunConfiguration" />
  <action id="CodeCompletion">
    <keyboard-shortcut first-keystroke="ctrl space" />
  </action>
  <action id="Compare.SameVersion">
    <keyboard-shortcut first-keystroke="shift ctrl semicolon" />
  </action>
  <action id="Console.History.Browse" />
  <action id="Console.Jdbc.BrowseHistory" />
  <action id="Console.TableResult.EditValue">
    <keyboard-shortcut first-keystroke="enter" />
  </action>
  <action id="Console.TableResult.SetNull" />
  <action id="EditPropertiesAction">
    <keyboard-shortcut first-keystroke="alt enter" />
  </action>
  <action id="EditorCloneCaretAbove">
    <keyboard-shortcut first-keystroke="ctrl alt up" />
    <keyboard-shortcut first-keystroke="shift ctrl alt up" />
    <keyboard-shortcut first-keystroke="ctrl alt i" />
  </action>
  <action id="EditorCloneCaretBelow">
    <keyboard-shortcut first-keystroke="ctrl alt down" />
    <keyboard-shortcut first-keystroke="shift ctrl alt down" />
    <keyboard-shortcut first-keystroke="ctrl alt e" />
  </action>
  <action id="EditorDuplicate">
    <keyboard-shortcut first-keystroke="shift alt down" />
    <keyboard-shortcut first-keystroke="ctrl d" />
  </action>
  <action id="EditorSelectLine" />
  <action id="EditorSelectWord">
    <keyboard-shortcut first-keystroke="shift alt right" />
    <keyboard-shortcut first-keystroke="ctrl q" />
  </action>
  <action id="EditorUnSelectWord">
    <keyboard-shortcut first-keystroke="shift alt left" />
    <keyboard-shortcut first-keystroke="shift ctrl q" />
  </action>
  <action id="FileChooser.NewFile" />
  <action id="Forward">
    <keyboard-shortcut first-keystroke="alt right" />
    <keyboard-shortcut first-keystroke="ctrl o" />
  </action>
  <action id="Git.New.Branch.In.Log" />
  <action id="GitNewBranchAction" />
  <action id="GotoDeclaration">
    <keyboard-shortcut first-keystroke="f12" />
    <mouse-shortcut keystroke="control button1" />
    <keyboard-shortcut first-keystroke="ctrl e" />
  </action>
  <action id="GotoImplementation">
    <keyboard-shortcut first-keystroke="ctrl f12" />
    <keyboard-shortcut first-keystroke="ctrl i" />
  </action>
  <action id="HideActiveWindow">
    <keyboard-shortcut first-keystroke="shift escape" />
  </action>
  <action id="Inline" />
  <action id="Jdbc.OpenConsole.New" />
  <action id="Jdbc.OpenConsole.New.Generate" />
  <action id="OpenFile" />
  <action id="ParameterInfo.GoToPreviousSignature">
    <keyboard-shortcut first-keystroke="shift ctrl p" />
    <keyboard-shortcut first-keystroke="shift ctrl alt space" />
  </action>
  <action id="PerforceDirect.Edit" />
  <action id="ReSharperGotoNextErrorInSolution">
    <keyboard-shortcut first-keystroke="alt f2" />
    <keyboard-shortcut first-keystroke="ctrl y" />
  </action>
  <action id="ReSharperGotoPrevErrorInSolution">
    <keyboard-shortcut first-keystroke="shift alt f2" />
    <keyboard-shortcut first-keystroke="ctrl u" />
  </action>
  <action id="RecentFiles" />
  <action id="RecentProjectListGroup" />
  <action id="RenameElement">
    <keyboard-shortcut first-keystroke="f2" />
    <keyboard-shortcut first-keystroke="ctrl r" />
  </action>
  <action id="Rerun">
    <keyboard-shortcut first-keystroke="shift ctrl f5" />
  </action>
  <action id="RerunFailedTests" />
  <action id="RiderCoveringTestsPopupDebugSelectedTestsAction" />
  <action id="RiderCoveringTestsPopupRunAllTestsAction" />
  <action id="RiderNuGetManagePackagesForCurrentProjectAction">
    <keyboard-shortcut first-keystroke="alt 4" />
  </action>
  <action id="RiderNuGetToggleDependenciesExpanderAction" />
  <action id="RiderNuGetToggleInfoExpanderAction" />
  <action id="RiderUnitTestAppendTestsAction" />
  <action id="RiderUnitTestCoverSolutionAction" />
  <action id="RiderUnitTestDebugContextAction" />
  <action id="RiderUnitTestDebugContextTwAction" />
  <action id="RiderUnitTestDotMemoryUnitContextAction" />
  <action id="RiderUnitTestDotMemoryUnitSolutionAction" />
  <action id="RiderUnitTestNewSessionAction" />
  <action id="RiderUnitTestRepeatPreviousRunAction" />
  <action id="RiderUnitTestRunContextAction">
    <keyboard-shortcut first-keystroke="shift ctrl f10" />
  </action>
  <action id="RiderUnitTestRunContextTwAction">
    <keyboard-shortcut first-keystroke="shift enter" />
  </action>
  <action id="RiderUnitTestRunContextUntilFailAction" />
  <action id="RiderUnitTestRunCurrentSessionAction" />
  <action id="RiderUnitTestRunCurrentSessionTwAction" />
  <action id="RiderUnitTestRunSolutionAction" />
  <action id="RiderUnitTestRunSolutionTwAction" />
  <action id="RiderUnitTestSessionAbortAction" />
  <action id="RiderUnitTestSessionRerunFailedTestsAction" />
  <action id="SelectAllOccurrences">
    <keyboard-shortcut first-keystroke="ctrl f2" />
  </action>
  <action id="SelectNextOccurrence">
    <keyboard-shortcut first-keystroke="ctrl f3" />
    <keyboard-shortcut first-keystroke="ctrl alt o" />
  </action>
  <action id="SetShortcutAction">
    <keyboard-shortcut first-keystroke="alt enter" />
  </action>
  <action id="ShowIntentionActions">
    <keyboard-shortcut first-keystroke="alt enter" />
  </action>
  <action id="ShowNavBar" />
  <action id="SwitcherIterateItems" />
  <action id="SwitcherRecentEditedChangedToggleCheckBox" />
  <action id="Terminal.ClearBuffer" />
  <action id="ToggleFindInSelection" />
  <action id="UnselectPreviousOccurrence">
    <keyboard-shortcut first-keystroke="ctrl alt n" />
  </action>
  <action id="UsageFiltering.Imports" />
  <action id="UsageFiltering.ReadAccess" />
  <action id="UsageGrouping.FlattenModules" />
  <action id="Vcs.Log.FocusTextFilter" />
  <action id="Vcs.ShowTabbedFileHistory">
    <keyboard-shortcut first-keystroke="ctrl alt semicolon" />
  </action>
  <action id="org.intellij.plugins.markdown.ui.actions.styling.InsertImageAction" />
  <action id="org.intellij.plugins.markdown.ui.actions.styling.ToggleItalicAction" />
</keymap>